B.cells	
T4.cells	0.20272122534471046
T8.cells	0.21141671546864155
DC	0.2071910789484263
Basophil	0.7230849327376273
Eosinophil	
Neutrophil	
MO	0.3318103712217802
NK	
