B.cells	
T4.cells	0.20272122534471043
T8.cells	0.21141671546864146
DC	0.20719107894842617
Basophil	0.7230849327376272
Eosinophil	
Neutrophil	
MO	0.3318103712217803
NK	
